Glottocode,flagging,indexing,tam-split,split-s,indexing-features,dom,dom-trigger,align-noun,align-pro,align-index,align-noun-nl,align-pro-nl,align-index-nl,ref-ergative,ref-ergative-domain,ref-tripartite,ref-tripartite-domain,ref-horizontal,ref-horizontal-domain,ref-sensitive,ref-sensitive-domain,coargument-sensitivity flagging,coargument-sensitivity indexing,S!=A flagging,S!=A indexing
,Is there flagging in the language?,Is there core argument indexing in the language?,Is there a TAM-based split in the language?,Is there split-S marking in the language?,What features of nominals receive indexing?,Is there differential object marking?,What is the trigger for differential object marking?,What is the most frequent referent-based alignment pattern for flagging in nouns?,What is the most frequent referent-based alignment pattern for flagging in pronouns?,What is the most frequent referent-based alignment pattern for indexing?,Not local only: What is the most frequent referent-based alignment pattern for flagging in nouns?,Not local only: What is the most frequent referent-based alignment pattern for flagging in pronouns?,Not local only: What is the most frequent referent-based alignment pattern for indexing?,Is there any ergative alignment among referents?,"If there is ergative alignment among referents, which loci have this alignment?",Is there any tripartite alignment among referents?,"If there is any tripartite alignment among referents, which loci have this alignment?",Is there any horizontal alignment among referents?,"If there is any horizontal alignment among referents, which loci have this alignment?",Is there any coargument-sensitive alignment among referents?,"If there is any coargument-sensitive alignment among referents, which loci have this alignment?",Is there any coargument sensitivity in flagging in the language that is not due exclusively to portmanteaus?,Is there any coargument sensitivity in indexing the language that is not due exclusively to portmanteaus?,Is it ever the case that S != A in flagging?,Is it ever the case that S != A in indexing?
abkh1244,False,True,False,False,person+number,False,NA,no marking,no marking,ergative,no marking,no marking,ergative,True,Verb,False,NA,False,NA,False,NA,no,no,False
abun1252,False,False,False,False,NA,False,NA,no marking,no marking,no marking,no marking,no marking,no marking,False,NA,False,NA,False,NA,False,NA,no,no,False
achu1247,True,True,False,False,person;person+number,False,NA,accusative;no marking,accusative;no marking,accusative,accusative;no marking,accusative;no marking,accusative,False,NA,False,NA,False,NA,True,Verb,no,yes,False
agua1253,True,True,False,False,person+number,True,Co-argument_reference,sensitive,accusative,accusative,accusative,accusative,accusative,False,NA,False,NA,False,NA,True,Noun;Pro;Verb,yes,no,False
ainu1240,False,True,False,False,person+number,False,NA,no marking,no marking,sensitive,no marking,no marking,overt neutral,False,NA,True,Verb,False,NA,True,Verb,no,yes,False
akab1249,True,False,False,False,NA,False,NA,no marking,accusative,no marking,no marking,accusative,no marking,False,NA,False,NA,False,NA,False,NA,no,no,False
alam1246,False,True,False,False,person+number,False,NA,no marking,no marking,accusative,no marking,no marking,accusative,False,NA,False,NA,False,NA,False,NA,no,no,False
aleu1260,True,True,False,False,person+number,False,NA,ergative;overt neutral,no marking,accusative;sensitive,ergative;overt neutral,no marking,accusative,True,Noun,False,NA,False,NA,True,Verb,no,no,False
alse1251,True,True,False,False,person;person+number,False,NA,ergative;no marking,tripartite,accusative,ergative;no marking,tripartite,accusative,True,Noun;Pro,True,Pro,False,NA,True,Verb,no,yes,False
amar1274,True,True,False,False,person+number,False,NA,accusative,accusative,sensitive,accusative,accusative,accusative,False,NA,False,NA,False,NA,True,Verb,no,yes,False
ando1256,False,True,False,False,gender;person+number,False,NA,no marking,no marking,no marking;overt neutral,no marking,no marking,no marking;overt neutral,False,NA,False,NA,False,NA,False,NA,no,no,False
apur1254,False,True,False,True,person+number,False,NA,no marking,no marking,accusative,no marking,no marking,accusative,True,Verb,False,NA,False,NA,False,NA,no,no,False
ariz1237,True,True,False,False,person;person+number,False,NA,ergative;sensitive,sensitive,sensitive;tripartite,ergative;no marking,no marking,sensitive;tripartite,True,Noun;Pro,True,Verb,False,NA,True,Noun;Pro;Verb,yes,yes,False
awac1239,True,True,False,True,person,True,Reference,accusative;no marking,accusative,sensitive,accusative;no marking,accusative,sensitive,True,Verb,False,NA,False,NA,True,Verb,no,yes,True
awet1244,False,True,False,True,person;person+number,False,NA,no marking,no marking,sensitive,no marking,no marking,ergative,True,Verb,True,Verb,False,NA,True,Verb,no,yes,True
ayor1240,False,True,True,False,person+number,False,NA,no marking,no marking,accusative,no marking,no marking,accusative,False,NA,False,NA,False,NA,False,NA,no,no,False
bamb1269,False,False,False,False,NA,False,NA,no marking,no marking,no marking,no marking,no marking,no marking,False,NA,False,NA,False,NA,False,NA,no,no,False
bang1363,False,True,False,False,person,False,NA,no marking,no marking,accusative,no marking,no marking,accusative,False,NA,False,NA,False,NA,False,NA,no,no,False
bard1255,True,True,False,False,person+number,False,NA,ergative,ergative,accusative,ergative,ergative,accusative,True,Noun;Pro,False,NA,False,NA,False,NA,no,no,False
basq1248,True,True,True,True,person;person+number,True,Predicate_class,accusative,accusative,accusative,accusative,accusative,overt neutral,True,Noun;Pro;Verb,True,Noun;Pro,True,Verb,True,Verb,no,yes,False
bell1243,False,True,False,False,person+number,False,NA,no marking,no marking,sensitive,no marking,no marking,sensitive,False,NA,False,NA,False,NA,True,Verb,no,yes,False
benc1235,True,True,False,False,person+number,False,NA,accusative,accusative,accusative,accusative,accusative,accusative,False,NA,False,NA,False,NA,False,NA,no,no,False
bert1248,True,False,False,False,NA,False,NA,accusative,accusative,no marking,accusative,accusative,no marking,False,NA,False,NA,False,NA,False,NA,no,no,False
bilu1245,False,True,False,False,person+number,False,NA,no marking,no marking,accusative,no marking,no marking,accusative,False,NA,False,NA,False,NA,False,NA,no,no,False
bora1263,True,True,False,False,gender,True,Reference,accusative,accusative,no marking,accusative,accusative,no marking,False,NA,False,NA,False,NA,False,NA,no,no,False
boro1282,True,True,False,True,person+number,False,NA,no marking,no marking,overt neutral,no marking,no marking,overt neutral,True,Pro;Verb,False,NA,False,NA,False,NA,no,no,False
brah1256,True,True,True,False,person+number,True,Reference,accusative,accusative,accusative,accusative,accusative,accusative,False,NA,False,NA,False,NA,False,NA,no,no,False
buki1249,False,True,False,True,person+number,False,NA,no marking,no marking,accusative,no marking,no marking,accusative,True,Verb,False,NA,False,NA,False,NA,no,no,False
bulo1242,False,False,False,False,NA,False,NA,no marking,no marking,no marking,no marking,no marking,no marking,False,NA,False,NA,False,NA,False,NA,no,no,False
buru1296,True,True,False,True,person+number,False,NA,ergative,ergative,accusative,ergative,ergative,accusative,True,Noun;Pro,True,Verb,False,NA,False,NA,no,no,False
cacu1241,True,True,False,False,person+number,True,Reference,accusative;no marking,accusative,accusative;no marking,accusative;no marking,accusative,accusative;no marking,False,NA,False,NA,False,NA,False,NA,no,no,False
cadd1256,False,True,False,True,number;person,False,NA,no marking,NA,sensitive,no marking,NA,accusative,True,Verb,True,Verb,False,NA,True,Verb,no,yes,False
cahu1264,True,True,False,False,person+number,True,Miscellaneous_condition,accusative;no marking,accusative,accusative,accusative;no marking,accusative,accusative,False,NA,False,NA,False,NA,False,NA,no,no,False
cams1241,False,True,False,False,number;person;person+number,False,NA,no marking,no marking,sensitive,no marking,no marking,accusative,False,NA,False,NA,False,NA,True,Verb,no,yes,True
cane1242,True,False,False,False,NA,False,NA,ergative,accusative,no marking,ergative,accusative,no marking,True,Noun,False,NA,False,NA,False,NA,no,no,False
cata1286,False,True,?,?,?,False,NA,no marking,no marking,NA,no marking,no marking,NA,False,NA,False,NA,False,NA,False,NA,no,no,False
cavi1250,True,True,False,False,person+number,False,NA,ergative,ergative,ergative,ergative,ergative,ergative,True,Noun;Pro;Verb,True,Verb,True,Verb,False,NA,no,no,False
cayu1262,False,True,False,False,person+number,False,NA,no marking,no marking,accusative,no marking,no marking,accusative,False,NA,False,NA,False,NA,False,NA,no,no,False
cent2050,True,True,False,False,person+number,True,Miscellaneous_condition,accusative;no marking,accusative,accusative,accusative;no marking,accusative,accusative,False,NA,False,NA,False,NA,False,NA,no,no,False
cent2127,True,True,False,False,number;person;person+number,False,NA,no marking,no marking,ergative,no marking,no marking,ergative,True,Noun;Pro;Verb,False,NA,False,NA,True,Verb,no,yes,False
chay1248,True,True,False,False,person+number,False,NA,ergative;no marking,no marking,accusative,ergative;no marking,no marking,accusative,True,Noun,False,NA,False,NA,False,NA,no,no,False
cher1273,False,True,False,False,number;other;person;person+number,False,NA,no marking,no marking,sensitive,no marking,no marking,sensitive,False,NA,True,Verb,False,NA,True,Verb,no,yes,False
chim1301,False,True,False,True,person+number,False,NA,no marking,no marking,sensitive,no marking,no marking,overt neutral;sensitive,False,NA,False,NA,False,NA,True,Verb,no,yes,True
chim1309,True,True,False,False,person+number,False,NA,ergative,ergative,accusative,ergative,ergative,accusative,True,Noun;Pro,False,NA,True,Verb,True,Verb,no,yes,True
chin1286,False,True,False,False,person+number,False,NA,no marking,no marking,sensitive,no marking,no marking,overt neutral,True,Verb,False,NA,False,NA,True,Verb,no,no,False
chip1262,False,True,False,False,person+number,False,NA,no marking,no marking,accusative,no marking,no marking,accusative,False,NA,False,NA,False,NA,False,NA,no,no,False
chiq1248,True,True,False,False,person+number,False,NA,no marking,accusative,tripartite,no marking,accusative,tripartite,False,NA,True,Verb,False,NA,False,NA,no,no,False
choc1276,True,True,False,True,person+number,False,NA,accusative,accusative,accusative,accusative,accusative,accusative,True,Verb,False,NA,False,NA,False,NA,no,no,False
chol1282,False,True,True,False,person+number,False,NA,no marking,no marking,ergative,no marking,no marking,ergative,True,Verb,False,NA,False,NA,False,NA,no,no,False
chol1284,False,True,False,False,number;person+number,False,NA,no marking,no marking,overt neutral,no marking,no marking,overt neutral,True,Verb,False,NA,False,NA,True,Verb,no,yes,False
chuk1273,True,True,True,False,person;person+number,False,NA,ergative,ergative,tripartite,ergative,ergative,tripartite,True,Noun;Pro,True,Verb,False,NA,True,Verb,no,yes,False
coah1252,True,True,?,?,?,False,NA,accusative,accusative,NA,accusative,accusative,NA,False,NA,False,NA,False,NA,False,NA,no,no,False
coca1259,True,False,False,True,NA,False,NA,no marking,no marking,no marking,no marking,no marking,no marking,True,Pro,False,NA,False,NA,False,NA,no,no,False
cofa1242,True,True,False,False,number,False,NA,accusative,accusative,NA,accusative,accusative,NA,False,NA,False,NA,False,NA,False,NA,no,no,False
coma1245,True,False,False,False,NA,True,Reference,accusative,accusative,no marking,accusative,accusative,no marking,False,NA,False,NA,False,NA,False,NA,no,no,False
coos1249,True,True,False,False,person+number,False,NA,ergative;no marking,no marking,sensitive,ergative;no marking,no marking,overt neutral,True,Noun,False,NA,False,NA,True,Verb,no,yes,True
cree1270,True,True,False,True,person,True,Miscellaneous_condition,accusative;no marking,accusative,accusative,accusative;no marking,accusative,accusative,True,Verb,False,NA,False,NA,False,NA,no,no,False
cube1242,True,True,False,False,person+number,True,Reference,accusative;no marking,accusative,accusative,accusative;no marking,accusative,accusative,False,NA,False,NA,False,NA,False,NA,no,no,False
cuit1236,False,True,False,False,person+number,False,NA,no marking,no marking,accusative,no marking,no marking,accusative,False,NA,False,NA,False,NA,False,NA,no,no,False
daga1275,False,True,False,False,person+number,False,NA,no marking,no marking,accusative,no marking,no marking,accusative,False,NA,False,NA,False,NA,False,NA,no,no,False
djam1255,True,True,False,False,person+number,False,NA,ergative,ergative,sensitive,ergative,ergative,sensitive,True,Noun;Pro,True,Verb,False,NA,True,Verb,no,yes,False
djeo1235,True,True,False,False,person+number,False,NA,no marking,accusative,horizontal,no marking,accusative,horizontal,False,NA,False,NA,True,Verb,False,NA,no,no,False
dukh1234,False,True,True,False,person+number,False,NA,no marking,no marking,no marking,no marking,no marking,no marking,False,NA,False,NA,False,NA,False,NA,no,no,False
duna1248,True,False,False,False,NA,False,NA,accusative;ergative;no marking,accusative;ergative;no marking,no marking,accusative;ergative;no marking,accusative;ergative;no marking,no marking,True,Noun;Pro,False,NA,False,NA,False,NA,no,no,False
embe1260,True,False,False,False,NA,False,NA,ergative,ergative,no marking,ergative,ergative,no marking,True,Noun;Pro,False,NA,False,NA,False,NA,no,no,False
emer1243,True,True,False,False,person;person+number,False,NA,no marking,sensitive,sensitive,no marking,no marking,accusative,False,NA,False,NA,False,NA,True,Pro;Verb,yes,yes,True
enap1235,False,True,False,False,person;person+number,False,NA,no marking,no marking,accusative,no marking,no marking,accusative,False,NA,True,Verb,True,Verb,False,NA,no,yes,False
esee1248,True,True,True,False,person;person+number,False,NA,ergative,ergative,no marking,ergative,ergative,no marking,True,Noun;Pro;Verb,True,Verb,True,Verb,False,NA,no,no,False
esse1238,True,False,False,False,NA,False,NA,no marking,accusative,no marking,no marking,accusative,no marking,False,NA,False,NA,False,NA,False,NA,no,no,False
eyak1241,False,True,True,False,person+number,False,NA,no marking,no marking,accusative,no marking,no marking,accusative,False,NA,False,NA,False,NA,False,NA,no,no,False
fuln1247,False,True,False,True,person+number,False,NA,no marking,no marking,no marking,no marking,no marking,no marking,True,Verb,False,NA,False,NA,False,NA,no,no,False
gaga1251,False,True,False,False,person,False,NA,no marking,no marking,ergative;sensitive,no marking,no marking,ergative,True,Verb,False,NA,False,NA,True,Verb,no,yes,False
galo1242,True,False,False,False,NA,True,Reference,accusative,accusative,no marking,accusative,accusative,no marking,False,NA,False,NA,False,NA,False,NA,no,no,False
gara1269,True,False,False,False,NA,False,NA,ergative,accusative,no marking,ergative,accusative,no marking,True,Noun,False,NA,False,NA,False,NA,no,no,False
gari1256,False,True,False,True,person+number,False,NA,no marking,no marking,accusative,no marking,no marking,accusative,True,Verb,True,Verb,False,NA,False,NA,no,no,False
gavi1246,False,True,False,False,person+number,False,NA,no marking,no marking,horizontal,no marking,no marking,horizontal,False,NA,False,NA,True,Verb,False,NA,no,no,False
gily1242,False,False,False,False,NA,False,NA,no marking,no marking,no marking,no marking,no marking,no marking,False,NA,False,NA,False,NA,False,NA,no,no,False
goon1238,True,True,False,False,person;person+number,False,NA,ergative,ergative,accusative;sensitive,ergative,ergative,accusative,True,Noun;Pro,False,NA,False,NA,True,Verb,no,yes,False
gras1249,False,False,False,False,NA,False,NA,no marking,no marking,no marking,no marking,no marking,no marking,False,NA,False,NA,False,NA,False,NA,no,no,False
guah1255,False,True,False,False,number;person;person+number,False,NA,no marking,no marking,accusative,no marking,no marking,accusative,False,NA,False,NA,False,NA,True,Verb,no,no,True
guan1269,True,True,False,False,person,True,Reference,accusative;no marking,accusative;no marking,accusative;no marking,accusative;no marking,accusative;no marking,accusative;no marking,False,NA,False,NA,False,NA,False,NA,no,no,False
guat1253,False,True,False,False,person+number,False,NA,no marking,no marking,sensitive,no marking,no marking,accusative;sensitive,True,Verb,False,NA,False,NA,True,Verb,no,yes,False
hadz1240,False,True,False,False,person+number,False,NA,no marking,no marking,accusative,no marking,no marking,accusative,False,NA,False,NA,False,NA,False,NA,no,no,False
halh1238,True,False,False,False,NA,True,Reference,accusative,accusative,no marking,accusative,accusative,no marking,False,NA,False,NA,False,NA,False,NA,no,no,False
halk1245,False,True,False,False,person;person+number,False,NA,no marking,no marking,accusative;sensitive,no marking,no marking,accusative;sensitive,False,NA,False,NA,False,NA,True,Verb,no,yes,False
hatt1246,True,True,False,False,person;person+number,True,Miscellaneous_condition,accusative;no marking,NA,accusative,accusative;no marking,NA,accusative,True,Verb,False,NA,False,NA,False,NA,no,no,False
hida1246,True,True,False,True,person,False,NA,ergative;no marking,ergative;no marking,accusative,ergative;no marking,ergative;no marking,accusative,True,Noun;Pro;Verb,False,NA,False,NA,False,NA,no,no,False
high1242,False,True,False,False,person+number,False,NA,no marking,no marking,accusative,no marking,no marking,accusative,False,NA,False,NA,False,NA,False,NA,no,no,False
high1276,False,True,False,False,person,False,NA,no marking,no marking,sensitive,no marking,no marking,ergative,True,Verb,False,NA,False,NA,True,Verb,no,yes,True
hixk1239,False,True,False,False,person;person+number,False,NA,no marking,no marking,sensitive,no marking,no marking,accusative;ergative;sensitive,False,NA,False,NA,False,NA,True,Verb,no,yes,False
hopi1249,True,False,False,False,NA,False,NA,accusative,accusative,no marking,accusative,accusative,no marking,False,NA,False,NA,False,NA,False,NA,no,no,False
hual1241,True,True,False,False,person,False,NA,accusative,accusative,sensitive,accusative,accusative,accusative,False,NA,False,NA,False,NA,True,Verb,no,yes,False
huas1242,False,True,False,False,person;person+number,False,NA,no marking,no marking,sensitive;tripartite,no marking,no marking,tripartite,False,NA,True,Verb,False,NA,True,Verb,no,yes,False
hueh1236,False,True,False,False,person;person+number,False,NA,no marking,no marking,sensitive,no marking,no marking,accusative,True,Verb,False,NA,False,NA,True,Verb,no,yes,False
hupa1239,False,True,False,False,person+number;person+other,False,NA,no marking,no marking,tripartite,no marking,no marking,tripartite,False,NA,True,Verb,False,NA,True,Verb,no,yes,False
hupd1244,True,False,False,False,NA,True,Reference,accusative;no marking,accusative,no marking,accusative;no marking,accusative,no marking,False,NA,False,NA,False,NA,False,NA,no,no,False
ikpe1245,False,True,False,True,person,False,NA,no marking,no marking,sensitive,no marking,no marking,accusative;sensitive,True,Verb,False,NA,False,NA,True,Verb,no,yes,True
imba1240,True,True,False,False,person,False,NA,accusative,accusative,accusative,accusative,accusative,accusative,False,NA,False,NA,False,NA,False,NA,no,no,False
imon1245,True,True,False,True,number,True,Reference,accusative;no marking,accusative,NA,accusative;no marking,accusative,NA,True,Noun;Pro,False,NA,True,Noun,False,NA,no,no,False
ines1240,False,True,False,False,person+number,False,NA,no marking,no marking,accusative,no marking,no marking,accusative,False,NA,False,NA,False,NA,False,NA,no,no,False
ingu1240,True,True,True,True,gender,False,NA,ergative,ergative,no marking,ergative,ergative,no marking,True,Noun;Pro,False,NA,False,NA,False,NA,no,no,False
iran1263,False,True,True,False,person+number,False,NA,no marking,no marking,accusative,no marking,no marking,accusative,False,NA,False,NA,False,NA,False,NA,no,no,False
iris1253,True,False,False,False,NA,False,NA,no marking,no marking,no marking,no marking,no marking,no marking,False,NA,False,NA,False,NA,False,NA,no,no,False
itel1242,False,True,False,False,number;person;person+number,False,NA,no marking,no marking,tripartite,no marking,no marking,tripartite,False,NA,True,Verb,False,NA,True,Verb,no,yes,False
iton1250,False,True,False,False,person+number,False,NA,no marking,no marking,accusative,no marking,no marking,accusative,False,NA,False,NA,False,NA,False,NA,no,yes,False
iumi1238,False,False,False,False,NA,False,NA,no marking,no marking,no marking,no marking,no marking,no marking,False,NA,False,NA,False,NA,False,NA,no,no,False
jama1261,True,True,False,False,person+number,False,NA,no marking,accusative,accusative,no marking,accusative,accusative,False,NA,False,NA,False,NA,True,Pro,yes,no,False
jaqa1244,True,True,False,False,person,False,NA,accusative,accusative,sensitive,accusative,accusative,accusative,False,NA,False,NA,False,NA,True,Verb,no,no,False
juho1239,False,False,False,False,NA,False,NA,no marking,no marking,no marking,no marking,no marking,no marking,False,NA,False,NA,False,NA,False,NA,no,no,False
juru1256,True,True,False,False,person+number,True,Miscellaneous_condition,accusative;no marking,accusative,accusative,accusative;no marking,accusative,accusative,False,NA,False,NA,False,NA,False,NA,no,no,False
kain1272,True,False,False,False,NA,False,NA,accusative;no marking,accusative;no marking,no marking,accusative;no marking,accusative;no marking,no marking,False,NA,False,NA,False,NA,False,NA,no,no,False
kala1399,True,True,False,False,person;person+number,True,Reference,ergative,ergative,sensitive,ergative,ergative,sensitive,True,Noun;Pro,True,Noun;Verb,False,NA,True,Verb,no,yes,False
kala1400,False,True,True,False,person;person+number,False,NA,no marking,no marking,accusative,no marking,no marking,accusative,False,NA,False,NA,False,NA,False,NA,no,yes,False
kamb1316,True,True,False,False,person+number,True,Miscellaneous_condition+Reference,accusative,accusative,accusative,accusative,accusative,accusative,False,NA,False,NA,False,NA,False,NA,no,no,False
kamu1258,True,True,False,False,person+number,False,NA,ergative;no marking,ergative;no marking,accusative,ergative;no marking,ergative;no marking,accusative,True,Noun;Pro,False,NA,False,NA,False,NA,no,no,False
kana1291,True,False,False,False,NA,False,NA,ergative,ergative,no marking,ergative,ergative,no marking,True,Noun;Pro,False,NA,False,NA,False,NA,no,no,False
kano1245,False,True,?,?,?,False,NA,no marking,no marking,NA,no marking,no marking,NA,False,NA,False,NA,False,NA,False,NA,no,no,False
kara1500,True,True,False,False,person,False,NA,no marking,accusative,accusative,no marking,accusative,accusative,False,NA,False,NA,False,NA,False,NA,no,no,False
kari1254,True,True,?,?,?,False,NA,no marking,ergative,NA,no marking,ergative,NA,True,Pro,False,NA,False,NA,False,NA,no,no,False
kari1311,False,True,False,False,person;person+number,False,NA,no marking,no marking,ergative,no marking,no marking,ergative,True,Verb,False,NA,False,NA,False,NA,no,no,False
karo1304,True,True,False,True,person+number,False,NA,ergative;no marking,ergative;no marking,sensitive,ergative;no marking,ergative;no marking,accusative,True,Noun;Pro,False,NA,False,NA,True,Verb,no,yes,False
karo1305,True,False,False,False,NA,False,NA,no marking,ergative,no marking,no marking,ergative,no marking,True,Pro,False,NA,False,NA,False,NA,no,no,False
kash1280,True,False,False,True,NA,True,Miscellaneous_condition,accusative;no marking,accusative,no marking,accusative;no marking,accusative,no marking,True,Noun;Pro,False,NA,True,Noun,False,NA,no,no,False
kaya1319,True,False,False,False,NA,False,NA,accusative,accusative,no marking,accusative,accusative,no marking,False,NA,False,NA,False,NA,False,NA,no,no,False
kenu1243,True,True,False,False,number;person;person+number,False,NA,accusative,accusative,accusative,accusative,accusative,accusative,False,NA,False,NA,False,NA,False,NA,no,no,False
kett1243,False,True,False,True,person;person+number,False,NA,no marking,no marking,tripartite,no marking,no marking,tripartite,True,Verb,True,Verb,True,Verb,False,NA,no,no,False
kich1262,False,True,False,False,person+number,False,NA,no marking,no marking,ergative,no marking,no marking,ergative,True,Verb,False,NA,False,NA,False,NA,no,no,False
kiow1266,False,True,False,True,number;person;person+number,False,NA,no marking,no marking,sensitive,no marking,no marking,sensitive,True,Verb,True,Verb,False,NA,True,Verb,no,yes,True
kitj1240,False,True,False,False,number;person;person+number,False,NA,no marking,no marking,tripartite,no marking,no marking,tripartite,False,NA,True,Verb,False,NA,True,Verb,no,yes,False
klam1254,True,False,False,False,NA,True,Reference,accusative;no marking,accusative,no marking,accusative;no marking,accusative,no marking,False,NA,False,NA,False,NA,False,NA,no,no,False
koas1236,True,True,False,True,person+number,False,NA,accusative,accusative,accusative,accusative,accusative,accusative,True,Verb,False,NA,False,NA,False,NA,no,no,False
koyr1242,True,False,False,False,NA,False,NA,no marking,no marking,no marking,no marking,no marking,no marking,False,NA,False,NA,False,NA,False,NA,no,no,False
kren1239,False,False,False,False,NA,False,NA,no marking,no marking,no marking,no marking,no marking,no marking,False,NA,False,NA,False,NA,False,NA,no,no,False
kron1241,False,True,False,False,number;person+number,False,NA,no marking,no marking,accusative,no marking,no marking,accusative,False,NA,False,NA,False,NA,False,NA,no,no,False
kuik1246,True,False,False,False,NA,False,NA,ergative,ergative,no marking,ergative,ergative,no marking,True,Noun;Pro,False,NA,False,NA,False,NA,no,no,False
kuna1268,True,True,False,False,person+number,True,Miscellaneous_condition,accusative;no marking,accusative,sensitive,accusative;no marking,accusative,accusative,False,NA,False,NA,False,NA,True,Verb,no,yes,False
kuot1243,False,True,False,False,person+number,False,NA,no marking,no marking,accusative,no marking,no marking,accusative,False,NA,False,NA,False,NA,False,NA,no,no,False
kusu1250,True,True,False,False,person,True,Reference,accusative;no marking,accusative,tripartite,accusative;no marking,accusative,tripartite,False,NA,True,Verb,False,NA,False,NA,no,no,False
kute1249,False,True,False,False,person;person+number,False,NA,no marking,NA,sensitive,no marking,NA,sensitive,False,NA,False,NA,False,NA,True,Verb,no,yes,False
kwak1269,True,False,False,False,NA,False,NA,accusative,accusative,no marking,accusative,accusative,no marking,False,NA,False,NA,False,NA,False,NA,no,no,False
kwaz1243,True,True,False,False,person;person+number,True,Miscellaneous_condition+Reference,no marking,accusative,accusative,no marking,accusative,accusative,False,NA,False,NA,False,NA,True,Verb,no,yes,False
kyon1247,True,False,False,False,NA,True,Miscellaneous_condition,accusative;no marking,accusative;no marking,no marking,accusative;no marking,accusative;no marking,no marking,False,NA,False,NA,False,NA,False,NA,no,no,False
laal1242,True,True,False,False,person+number,False,NA,no marking,accusative,accusative,no marking,accusative,accusative,False,NA,False,NA,False,NA,False,NA,no,no,False
lake1258,True,True,False,False,person+number,True,Co-argument_reference+Miscellaneous_condition,accusative,accusative,accusative;no marking,accusative,accusative,accusative;no marking,False,NA,False,NA,False,NA,True,Pro,yes,no,False
lako1247,False,True,False,True,number;person;person+number,False,NA,no marking,no marking,accusative;no marking,no marking,no marking,accusative,True,Verb,False,NA,False,NA,True,Verb,no,no,False
lako1248,False,True,False,False,person+number,False,NA,no marking,no marking,overt neutral,no marking,no marking,overt neutral,False,NA,False,NA,False,NA,False,NA,no,no,False
lang1324,False,True,True,False,person+number,False,NA,no marking,no marking,accusative,no marking,no marking,accusative,False,NA,False,NA,False,NA,False,NA,no,no,False
laoo1244,False,False,False,False,NA,False,NA,no marking,no marking,no marking,no marking,no marking,no marking,False,NA,False,NA,False,NA,False,NA,no,no,False
lavu1241,False,True,False,False,person+number,False,NA,no marking,no marking,accusative,no marking,no marking,accusative,False,NA,False,NA,False,NA,False,NA,no,no,False
leco1242,True,True,False,False,person+number,True,Reference,accusative,accusative,accusative,accusative,accusative,accusative,False,NA,False,NA,False,NA,False,NA,no,no,False
lill1248,False,True,True,False,person+number,False,NA,no marking,no marking,sensitive,no marking,no marking,sensitive,True,Verb,True,Verb,False,NA,True,Verb,no,yes,False
maba1277,True,True,False,False,person+number,True,Miscellaneous_condition+Reference,no marking,accusative,sensitive,no marking,accusative,accusative;overt neutral;sensitive,False,NA,False,NA,False,NA,True,Verb,no,yes,False
madi1260,True,False,False,False,NA,False,NA,no marking,accusative,no marking,no marking,accusative,no marking,False,NA,False,NA,False,NA,False,NA,no,no,False
magd1235,False,True,False,False,person,False,NA,no marking,no marking,accusative;sensitive,no marking,no marking,accusative;sensitive,False,NA,False,NA,False,NA,True,Verb,no,yes,False
maib1239,False,True,False,False,person;person+number,False,NA,no marking,no marking,accusative,no marking,no marking,accusative,False,NA,False,NA,False,NA,False,NA,no,no,False
male1292,False,True,False,False,person;person+number,False,NA,no marking,no marking,sensitive,no marking,no marking,sensitive,False,NA,False,NA,True,Verb,True,Verb,no,yes,False
mali1285,False,True,False,True,person+number,False,NA,no marking,no marking,tripartite,no marking,no marking,tripartite,True,Verb,True,Verb,False,NA,False,NA,no,no,False
manc1252,True,False,False,False,NA,True,Reference,accusative;no marking,accusative,no marking,accusative;no marking,accusative,no marking,False,NA,False,NA,False,NA,False,NA,no,no,False
mang1381,True,True,False,False,person+number,False,NA,accusative,accusative,sensitive,accusative,accusative,accusative,True,Noun,False,NA,False,NA,True,Verb,no,yes,False
mapu1245,False,True,False,False,number;person;person+number,False,NA,no marking,no marking,sensitive,no marking,no marking,overt neutral,False,NA,True,Verb,False,NA,True,Verb,no,yes,False
mari1424,True,True,False,False,person+number,False,NA,ergative,ergative,accusative,ergative,ergative,accusative,True,Noun;Pro,False,NA,False,NA,False,NA,no,yes,False
mari1440,True,True,False,False,person,False,NA,accusative,accusative,accusative;no marking;sensitive,accusative,accusative,accusative;no marking;overt neutral,False,NA,False,NA,False,NA,True,Verb,no,yes,False
mart1255,True,False,False,False,NA,False,NA,accusative,accusative,no marking,accusative,accusative,no marking,False,NA,False,NA,False,NA,False,NA,no,no,False
mats1244,True,True,False,False,person,False,NA,ergative,ergative,accusative,ergative,ergative,accusative,True,Noun;Pro,False,NA,False,NA,False,NA,no,no,False
maun1240,False,True,False,False,person+number,False,NA,no marking,no marking,sensitive,no marking,no marking,overt neutral,False,NA,False,NA,False,NA,True,Verb,no,yes,False
maxa1247,True,True,False,True,person+number,False,NA,accusative,accusative,no marking,accusative,accusative,no marking,True,Noun;Pro,False,NA,True,Verb,False,NA,no,no,False
maya1285,True,True,False,False,person+number,False,NA,no marking,accusative,accusative,no marking,accusative,accusative,False,NA,False,NA,False,NA,False,NA,no,no,False
meny1245,True,True,False,False,person;person+number,True,Reference,accusative,no marking,accusative,accusative,no marking,accusative,False,NA,False,NA,False,NA,False,NA,no,no,False
mezo1235,False,True,False,True,person,False,NA,no marking,no marking,accusative,no marking,no marking,accusative,False,NA,True,Verb,False,NA,True,Verb,no,no,False
miam1252,False,True,?,?,?,False,NA,no marking,no marking,NA,no marking,no marking,NA,False,NA,False,NA,False,NA,False,NA,no,no,False
miri1266,False,True,False,False,number;person;person+number,False,NA,no marking,no marking,sensitive,no marking,no marking,sensitive,False,NA,True,Verb,False,NA,True,Verb,no,yes,False
misk1235,True,True,False,False,person,False,NA,no marking,accusative,accusative,no marking,accusative,accusative,False,NA,False,NA,False,NA,False,NA,no,no,False
miya1260,True,False,False,False,NA,True,Miscellaneous_condition,accusative;no marking,accusative;no marking,no marking,accusative;no marking,accusative;no marking,no marking,False,NA,False,NA,False,NA,False,NA,no,no,False
moch1259,True,False,False,False,NA,False,NA,ergative,ergative;no marking,no marking,ergative,ergative;no marking,no marking,True,Noun;Pro,False,NA,False,NA,False,NA,no,no,False
moha1258,False,True,False,True,number;person;person+number;person+other,False,NA,no marking,no marking,sensitive,no marking,no marking,sensitive,False,NA,False,NA,False,NA,True,Verb,no,yes,False
mola1238,True,True,False,False,person;person+number,True,Reference,accusative,no marking,accusative,accusative,no marking,accusative,False,NA,False,NA,False,NA,False,NA,no,no,False
mose1249,False,True,False,False,gender;person+number,False,NA,no marking,no marking,sensitive,no marking,no marking,no marking,False,NA,False,NA,False,NA,True,Verb,no,yes,False
movi1243,True,True,False,False,person,False,NA,no marking,sensitive,no marking,no marking,sensitive,no marking,False,NA,False,NA,True,Pro;Verb,True,Pro,yes,no,False
mull1237,False,True,False,False,person+number,False,NA,no marking,no marking,accusative,no marking,no marking,accusative,False,NA,False,NA,False,NA,False,NA,no,no,False
mund1330,True,True,True,True,person+number,False,NA,no marking,accusative,sensitive,no marking,accusative,accusative,True,Verb,True,Verb,False,NA,True,Verb,no,yes,True
muni1258,True,True,False,False,person;person+number,False,NA,no marking,accusative,accusative,no marking,accusative,accusative,False,NA,False,NA,False,NA,False,NA,no,no,False
murl1244,True,True,False,False,person+number,False,NA,accusative,accusative,accusative,accusative,accusative,accusative,False,NA,False,NA,False,NA,False,NA,no,no,False
murr1258,True,True,False,False,person+number,False,NA,accusative;no marking,accusative;no marking,accusative,accusative;no marking,accusative;no marking,accusative,False,NA,False,NA,False,NA,False,NA,no,no,False
muru1274,True,True,False,False,person+number,True,Miscellaneous_condition,accusative;no marking,accusative;no marking,accusative,accusative;no marking,accusative;no marking,accusative,False,NA,False,NA,False,NA,False,NA,no,no,False
muts1243,True,False,False,False,NA,False,NA,accusative,accusative,no marking,accusative,accusative,no marking,False,NA,False,NA,False,NA,False,NA,no,no,False
naka1260,False,True,False,False,number;number+gender;other;person+number,False,NA,no marking,no marking,sensitive,no marking,no marking,overt neutral,True,Verb,False,NA,False,NA,True,Verb,no,yes,False
nama1264,True,True,False,False,person+number,False,NA,accusative;overt neutral,accusative,accusative,accusative;overt neutral,accusative,accusative,False,NA,False,NA,False,NA,False,NA,no,no,False
nant1250,False,True,False,False,person,False,NA,no marking,no marking,accusative,no marking,no marking,accusative,False,NA,False,NA,False,NA,False,NA,no,no,False
nara1262,False,True,False,False,person+number,False,NA,no marking,no marking,accusative,no marking,no marking,accusative,False,NA,False,NA,False,NA,False,NA,no,no,False
natc1249,True,True,False,True,person;person+number,False,NA,ergative,NA,accusative,ergative,NA,accusative,True,Noun;Verb,True,Verb,False,NA,False,NA,no,no,False
nava1243,False,True,False,False,person;person+number,False,NA,no marking,accusative,accusative,no marking,accusative,accusative,False,NA,False,NA,False,NA,True,Verb,no,no,False
negi1245,True,True,True,False,person+number,False,NA,accusative,accusative,accusative,accusative,accusative,accusative,False,NA,False,NA,False,NA,False,NA,no,no,False
nene1249,True,True,False,False,person+number,False,NA,accusative,accusative,sensitive,accusative,accusative,sensitive,False,NA,False,NA,False,NA,True,Verb,no,yes,False
ngar1284,False,True,False,False,number;person+number,False,NA,no marking,no marking,ergative,no marking,no marking,ergative,True,Verb,False,NA,True,Verb,True,Verb,no,yes,False
niha1238,True,False,False,False,NA,True,Reference,accusative,accusative,no marking,accusative,accusative,no marking,False,NA,False,NA,False,NA,False,NA,no,no,False
nisg1240,False,True,False,False,person+number,False,NA,no marking,ergative,ergative,no marking,ergative,ergative,True,Pro;Verb,False,NA,False,NA,False,NA,no,no,False
niva1238,False,True,False,True,person,False,NA,no marking,no marking,sensitive,no marking,no marking,accusative,False,NA,True,Verb,False,NA,True,Verb,no,yes,False
nort1550,False,True,False,False,person+number,False,NA,no marking,no marking,sensitive,no marking,no marking,sensitive,False,NA,False,NA,False,NA,True,Verb,no,yes,False
nort2745,True,True,False,False,person+number,True,Co-argument_reference,sensitive,accusative,tripartite,accusative,accusative,tripartite,False,NA,True,Verb,False,NA,True,Noun,yes,no,False
nort2942,False,True,False,False,person+number,False,NA,no marking,no marking,accusative,no marking,no marking,accusative,False,NA,False,NA,False,NA,True,Verb,no,yes,False
nort2951,True,True,False,False,person+number,False,NA,accusative,accusative,accusative,accusative,accusative,accusative,False,NA,False,NA,False,NA,False,NA,no,no,False
nort2954,True,False,False,False,NA,True,Reference,accusative,accusative,no marking,accusative,accusative,no marking,False,NA,False,NA,False,NA,False,NA,no,no,False
nort2980,True,True,False,False,person+number,False,NA,accusative,accusative,accusative,accusative,accusative,accusative,False,NA,False,NA,False,NA,True,Verb,no,no,False
nucl1302,True,True,True,True,number;person;person+number,True,TAM,accusative,no marking,sensitive,accusative,no marking,accusative,True,Noun;Pro,True,Verb,True,Verb,True,Verb,no,yes,True
nucl1327,False,True,?,?,?,False,NA,no marking,no marking,NA,no marking,no marking,NA,False,NA,False,NA,False,NA,False,NA,no,no,False
nucl1622,False,True,False,True,person+number,False,NA,no marking,no marking,accusative,no marking,no marking,accusative,False,NA,True,Verb,False,NA,True,Verb,no,yes,False
nucl1632,False,True,True,False,person+number,False,NA,no marking,no marking,accusative,no marking,no marking,accusative,False,NA,False,NA,False,NA,True,Verb,no,yes,False
nucl1633,True,True,False,False,number;person;person+number,False,NA,ergative;no marking,ergative;no marking,accusative,ergative;no marking,ergative;no marking,accusative,True,Noun;Pro,False,NA,False,NA,False,NA,no,no,False
nucl1649,True,True,False,False,person;person+number,True,Miscellaneous_condition+Reference,overt neutral,ergative;tripartite,sensitive,overt neutral,ergative;tripartite,tripartite,True,Noun;Pro,True,Pro,True,Noun,True,Verb,no,yes,False
nung1290,False,True,False,False,gender;number;person+number,False,NA,no marking,no marking,tripartite,no marking,no marking,tripartite,False,NA,True,Verb,False,NA,True,Verb,no,yes,False
nuuc1236,True,True,False,False,person;person+number,True,Miscellaneous_condition,accusative;no marking,accusative;no marking,sensitive,accusative;no marking,accusative;no marking,overt neutral;sensitive,False,NA,False,NA,False,NA,True,Verb,no,yes,True
ofay1240,False,True,False,True,number;person;person+number,False,NA,no marking,no marking,accusative,no marking,no marking,accusative,True,Verb,True,Verb,False,NA,False,NA,no,no,False
olut1240,False,True,False,False,person,False,NA,no marking,no marking,sensitive,no marking,no marking,ergative,False,NA,False,NA,False,NA,True,Verb,no,yes,True
otta1242,False,True,?,?,?,False,NA,no marking,no marking,NA,no marking,no marking,NA,False,NA,False,NA,False,NA,False,NA,no,no,False
paez1247,True,True,False,False,person+number,True,Reference,accusative,accusative,accusative,accusative,accusative,accusative,False,NA,False,NA,False,NA,False,NA,no,no,False
pali1279,True,False,False,False,NA,False,NA,no marking,accusative,no marking,no marking,accusative,no marking,False,NA,False,NA,False,NA,False,NA,no,no,False
para1311,True,True,False,True,person+number,True,Reference,accusative,accusative,sensitive,accusative,accusative,accusative,True,Verb,False,NA,False,NA,True,Verb,no,yes,True
pare1272,False,True,False,False,person,False,NA,no marking,no marking,accusative,no marking,no marking,accusative,False,NA,False,NA,False,NA,False,NA,no,no,False
pech1241,True,True,False,False,person+number,False,NA,accusative;no marking,accusative,accusative,accusative;no marking,accusative,accusative,False,NA,False,NA,False,NA,False,NA,no,no,False
pila1245,True,True,False,True,person+number,False,NA,no marking,no marking,accusative;tripartite,no marking,no marking,accusative;tripartite,False,NA,True,Verb,False,NA,False,NA,no,no,False
pipi1250,False,True,False,False,number;person+number,False,NA,no marking,no marking,accusative,no marking,no marking,accusative,False,NA,False,NA,False,NA,False,NA,no,no,True
pira1253,False,False,False,False,NA,False,NA,no marking,no marking,no marking,no marking,no marking,no marking,False,NA,False,NA,False,NA,False,NA,no,no,False
popt1235,False,True,False,False,person+number,False,NA,no marking,no marking,ergative,no marking,no marking,ergative,True,Verb,False,NA,False,NA,False,NA,no,no,False
puin1248,True,True,False,False,person+number,False,NA,ergative,ergative,accusative;overt neutral,ergative,ergative,accusative;overt neutral,True,Noun;Pro,False,NA,False,NA,False,NA,no,no,False
pure1242,True,True,False,False,other;person+number,True,Reference,accusative;no marking,accusative,sensitive,accusative;no marking,accusative,accusative,False,NA,False,NA,False,NA,True,Verb,no,yes,True
qawa1238,True,True,False,True,person,False,NA,accusative,accusative,no marking;overt neutral,accusative,accusative,no marking;overt neutral,False,NA,True,Pro,True,Pro,False,NA,no,no,False
quer1236,False,True,False,False,person,False,NA,no marking,no marking,accusative,no marking,no marking,accusative,False,NA,False,NA,False,NA,False,NA,no,no,False
quil1240,True,False,False,False,NA,False,NA,no marking,accusative,no marking,no marking,accusative,no marking,False,NA,False,NA,False,NA,True,Pro,yes,no,False
rama1270,True,False,False,False,NA,False,NA,no marking,accusative,no marking,no marking,accusative,no marking,False,NA,False,NA,False,NA,False,NA,no,no,False
rikb1245,True,True,True,False,number;person;person+number,True,TAM,accusative,accusative,accusative,accusative,accusative,accusative,False,NA,False,NA,False,NA,False,NA,no,no,False
roto1249,False,True,False,False,person+number,False,NA,no marking,no marking,accusative,no marking,no marking,accusative,False,NA,True,Verb,False,NA,False,NA,no,no,False
saki1248,False,True,True,False,person+number,False,NA,no marking,no marking,ergative,no marking,no marking,ergative,True,Verb,True,Verb,True,Verb,False,NA,no,no,False
sali1253,False,True,False,False,person+number,False,NA,no marking,no marking,accusative,no marking,no marking,accusative,False,NA,False,NA,False,NA,False,NA,no,no,False
sali1298,False,True,False,True,person+number,False,NA,no marking,no marking,accusative,no marking,no marking,accusative,True,Verb,False,NA,False,NA,False,NA,no,no,False
sana1298,False,True,False,False,person;person+number,False,NA,no marking,no marking,sensitive,no marking,no marking,sensitive,False,NA,False,NA,False,NA,True,Verb,no,yes,True
sand1273,False,True,False,False,person+number,False,NA,no marking,no marking,accusative,no marking,no marking,accusative,False,NA,False,NA,False,NA,False,NA,no,no,False
sand1278,False,True,False,True,person+number,False,NA,no marking,no marking,accusative,no marking,no marking,accusative,True,Verb,False,NA,True,Verb,False,NA,no,no,False
sant1432,True,True,False,False,person+number,False,NA,accusative,accusative,accusative,accusative,accusative,accusative,False,NA,False,NA,False,NA,False,NA,no,no,False
savo1255,True,True,False,False,person+number,False,NA,accusative,accusative,accusative,accusative,accusative,accusative,False,NA,False,NA,False,NA,False,NA,no,no,False
seri1257,False,True,False,False,person;person+number,False,NA,no marking,no marking,sensitive,no marking,no marking,accusative,False,NA,True,Verb,False,NA,True,Verb,no,yes,True
shab1252,True,True,False,False,person+number,False,NA,accusative,accusative,accusative,accusative,accusative,accusative,False,NA,False,NA,False,NA,False,NA,no,no,False
shas1239,False,True,False,False,person,False,NA,no marking,no marking,accusative,no marking,no marking,accusative,False,NA,False,NA,False,NA,False,NA,no,no,False
shek1245,True,True,False,False,person+number,True,Reference,accusative;no marking,accusative,accusative,accusative;no marking,accusative,accusative,False,NA,False,NA,False,NA,False,NA,no,no,False
ship1254,True,False,False,False,NA,False,NA,ergative,ergative,no marking,ergative,ergative,no marking,True,Noun;Pro,False,NA,False,NA,False,NA,no,no,False
siam1242,False,False,False,False,NA,False,NA,no marking,no marking,no marking,no marking,no marking,no marking,False,NA,False,NA,False,NA,False,NA,no,no,False
sier1250,False,True,False,False,person+number,False,NA,no marking,no marking,overt neutral,no marking,no marking,overt neutral,False,NA,False,NA,False,NA,False,NA,no,no,False
siks1238,False,True,False,False,other;person;person+number,False,NA,no marking,NA,sensitive,no marking,NA,sensitive,False,NA,True,Verb,False,NA,True,Verb,no,yes,False
sion1247,True,True,False,False,person+number,True,Reference,accusative;no marking,accusative,accusative,accusative;no marking,accusative,accusative,False,NA,False,NA,False,NA,False,NA,no,no,False
sius1254,True,True,False,False,person;person+number,False,NA,no marking,accusative;tripartite,accusative,no marking,accusative;tripartite,accusative,False,NA,True,Pro,False,NA,True,Verb,no,yes,False
sout2750,True,True,False,False,person+number,True,Co-argument_reference+Reference,sensitive,accusative,tripartite,accusative,accusative,tripartite,False,NA,True,Verb,True,Verb,True,Noun;Pro,yes,no,False
sout2956,True,False,False,True,NA,False,NA,no marking,accusative,no marking,no marking,accusative,no marking,True,Pro,False,NA,False,NA,False,NA,no,no,False
sout2982,True,False,False,False,NA,False,NA,accusative,accusative,no marking,accusative,accusative,no marking,False,NA,False,NA,False,NA,False,NA,no,no,False
sout2985,True,True,False,False,person+number,False,NA,accusative,accusative,accusative,accusative,accusative,accusative,False,NA,False,NA,False,NA,True,Verb,no,yes,False
sout2996,True,True,False,False,number;person;person+number,False,NA,accusative,accusative,sensitive,accusative,accusative,accusative,False,NA,False,NA,False,NA,True,Verb,no,yes,False
sulk1246,False,True,False,False,person+number,False,NA,no marking,no marking,accusative,no marking,no marking,accusative,False,NA,False,NA,False,NA,False,NA,no,no,False
sume1241,True,True,True,False,person+number,False,NA,ergative;no marking,ergative;no marking,ergative,ergative;no marking,ergative;no marking,ergative,True,Noun;Pro;Verb,True,Verb,False,NA,False,NA,no,no,False
swam1239,False,True,False,False,person;person+number,False,NA,no marking,NA,sensitive,no marking,NA,sensitive,False,NA,True,Verb,False,NA,True,Verb,no,yes,False
tabo1241,True,True,False,False,person+number,True,Miscellaneous_condition,ergative;overt neutral,ergative;overt neutral,accusative;sensitive,ergative;overt neutral,ergative;overt neutral,accusative,True,Noun;Pro,False,NA,False,NA,True,Verb,no,yes,False
taia1239,True,True,False,False,person+number,False,NA,ergative;no marking,ergative;no marking,accusative,ergative;no marking,ergative;no marking,accusative,True,Noun;Pro,False,NA,False,NA,False,NA,no,no,False
take1257,False,True,False,True,person;person+number,False,NA,no marking,no marking,tripartite,no marking,no marking,tripartite,False,NA,True,Verb,True,Verb,True,Verb,no,yes,False
tari1256,True,True,False,True,person+number,True,Reference,accusative;no marking,accusative,accusative,accusative;no marking,accusative,accusative,True,Verb,False,NA,False,NA,False,NA,no,no,False
tehu1242,True,True,False,True,number;person;person+number,False,NA,ergative,ergative,tripartite,ergative,ergative,tripartite,True,Noun;Pro;Verb,True,Verb,True,Verb,False,NA,no,no,False
teri1250,True,False,False,False,NA,False,NA,sensitive,accusative,no marking,sensitive,accusative,no marking,False,NA,False,NA,False,NA,True,Noun,yes,no,False
tete1251,False,True,False,False,person;person+number,False,NA,no marking,no marking,accusative,no marking,no marking,accusative,False,NA,False,NA,False,NA,True,Verb,no,yes,False
thay1249,True,False,False,False,NA,False,NA,accusative;no marking,accusative,no marking,accusative;no marking,accusative,no marking,False,NA,False,NA,False,NA,False,NA,no,no,False
ticu1245,True,True,False,False,person;person+number,True,Reference,accusative,accusative,accusative,accusative,accusative,accusative,False,NA,False,NA,False,NA,False,NA,no,no,False
tido1248,True,True,False,False,person+number,False,NA,no marking,no marking,accusative;no marking,no marking,no marking,accusative;no marking,False,NA,False,NA,False,NA,False,NA,no,no,False
timu1245,False,True,False,False,person;person+number,False,NA,no marking,no marking,accusative,no marking,no marking,accusative,False,NA,False,NA,False,NA,False,NA,no,no,False
tiwi1244,False,True,False,False,person+number,False,NA,no marking,no marking,sensitive,no marking,no marking,sensitive,False,NA,False,NA,False,NA,True,Verb,no,yes,False
tlin1245,True,True,False,False,person+number,False,NA,ergative;no marking,ergative;no marking,accusative,ergative;no marking,ergative;no marking,accusative,True,Noun;Pro,False,NA,False,NA,False,NA,no,no,False
toho1245,False,True,False,False,person+number,False,NA,no marking,no marking,accusative,no marking,no marking,accusative,False,NA,False,NA,False,NA,False,NA,no,no,False
toll1241,True,True,True,True,person+number,True,Reference,accusative;no marking,accusative,tripartite,accusative;no marking,accusative,tripartite,True,Verb,True,Verb,True,Verb,False,NA,no,no,False
tomm1242,True,True,False,False,person+number,True,Reference,accusative;no marking,accusative,accusative,accusative;no marking,accusative,accusative,False,NA,False,NA,False,NA,False,NA,no,no,False
tonk1249,True,True,False,False,person+number,False,NA,accusative,accusative,horizontal,accusative,accusative,horizontal,True,Verb,True,Verb,True,Verb,False,NA,no,no,False
toto1305,False,True,False,True,number;person;person+number,False,NA,no marking,no marking,sensitive,no marking,no marking,tripartite,False,NA,True,Verb,False,NA,True,Verb,no,yes,True
trin1274,False,True,False,False,person+number,False,NA,no marking,no marking,accusative,no marking,no marking,accusative,False,NA,False,NA,False,NA,False,NA,no,no,False
trio1238,False,True,False,True,person,False,NA,no marking,no marking,sensitive,no marking,no marking,accusative,True,Verb,False,NA,False,NA,True,Verb,no,yes,False
trum1247,True,False,False,False,NA,False,NA,ergative,ergative,no marking,ergative,ergative,no marking,True,Noun;Pro,False,NA,False,NA,False,NA,no,no,False
tuka1248,True,True,False,False,person+number,True,Miscellaneous_condition,accusative;ergative,accusative;ergative,accusative,accusative;ergative,accusative;ergative,accusative,True,Noun;Pro,False,NA,False,NA,False,NA,no,no,False
tuni1252,False,True,False,True,person+number,False,NA,no marking,no marking,accusative,no marking,no marking,accusative,True,Verb,False,NA,False,NA,False,NA,no,no,False
tupi1273,True,True,False,True,person;person+number,False,NA,no marking,no marking,sensitive,no marking,no marking,accusative,True,Verb,False,NA,False,NA,True,Pro;Verb,yes,yes,False
tusc1257,False,True,False,False,number;person;person+number,False,NA,no marking,no marking,sensitive,no marking,no marking,horizontal,True,Verb,False,NA,False,NA,True,Verb,no,yes,False
tute1247,False,True,False,True,person;person+number,False,NA,no marking,no marking,accusative,no marking,no marking,accusative,True,Verb,False,NA,False,NA,False,NA,no,no,False
uppe1439,False,True,True,False,person+number,False,NA,no marking,no marking,accusative,no marking,no marking,accusative,False,NA,False,NA,False,NA,False,NA,no,yes,False
urar1246,False,True,False,False,number;person+number,False,NA,no marking,no marking,accusative,no marking,no marking,accusative,False,NA,False,NA,False,NA,False,NA,no,no,False
urni1239,False,True,?,?,?,False,NA,no marking,no marking,NA,no marking,no marking,NA,False,NA,False,NA,False,NA,False,NA,no,no,False
wage1238,True,True,False,False,person+number,False,NA,ergative;no marking,ergative;no marking,sensitive,ergative;no marking,ergative;no marking,accusative,True,Noun;Pro,False,NA,False,NA,True,Verb,no,yes,False
waim1253,False,True,False,False,person;person+number,False,NA,no marking,no marking,sensitive,no marking,no marking,accusative,False,NA,True,Verb,True,Verb,True,Verb,no,yes,True
wang1291,True,False,False,False,NA,False,NA,ergative,accusative,no marking,ergative,accusative,no marking,True,Noun;Pro,False,NA,False,NA,False,NA,no,no,False
wapi1253,False,False,False,False,NA,False,NA,no marking,no marking,no marking,no marking,no marking,no marking,False,NA,False,NA,False,NA,False,NA,no,no,False
wapp1239,True,False,False,False,NA,False,NA,accusative,accusative,no marking,accusative,accusative,no marking,False,NA,False,NA,False,NA,False,NA,no,no,False
wara1302,False,True,False,False,person+number,False,NA,no marking,no marking,accusative,no marking,no marking,accusative,False,NA,False,NA,False,NA,False,NA,no,no,False
wara1303,True,False,False,False,NA,False,NA,no marking,accusative;no marking,no marking,no marking,accusative;no marking,no marking,False,NA,False,NA,False,NA,False,NA,no,no,False
ward1246,True,True,False,False,number;other;person+number,False,NA,ergative,ergative,overt neutral,ergative,ergative,overt neutral,True,Noun;Pro,False,NA,False,NA,True,Verb,no,yes,False
wari1268,False,True,False,False,person+number,False,NA,no marking,no marking,accusative,no marking,no marking,accusative,False,NA,False,NA,False,NA,False,NA,no,no,False
wash1253,True,True,False,False,person,False,NA,no marking,no marking,sensitive,no marking,no marking,accusative,False,NA,False,NA,False,NA,True,Verb,no,no,False
wayu1243,False,True,False,True,person+number,False,NA,no marking,no marking,no marking,no marking,no marking,no marking,True,Verb,False,NA,False,NA,False,NA,no,no,False
west2632,False,True,False,True,person,False,NA,no marking,NA,sensitive,no marking,NA,accusative,False,NA,False,NA,True,Verb,True,Verb,no,yes,True
wich1260,False,True,False,True,person,False,NA,no marking,NA,accusative,no marking,NA,accusative,True,Verb,False,NA,False,NA,True,Verb,no,yes,False
wich1262,False,True,False,True,person,False,NA,no marking,no marking,tripartite,no marking,no marking,tripartite,True,Verb,True,Verb,False,NA,False,NA,no,no,False
wint1259,True,True,False,False,person,False,NA,accusative,accusative,accusative,accusative,accusative,accusative,False,NA,False,NA,False,NA,False,NA,no,no,False
wiyo1248,False,True,False,False,person;person+number,False,NA,no marking,no marking,sensitive,no marking,no marking,accusative;sensitive,False,NA,False,NA,False,NA,True,Verb,no,yes,False
wyan1247,False,True,?,?,?,False,NA,no marking,NA,NA,no marking,NA,NA,False,NA,False,NA,False,NA,False,NA,no,no,False
xava1240,False,True,True,False,other;person;person+number;person+other,False,NA,no marking,no marking,ergative,no marking,no marking,ergative,True,Verb,True,Verb,False,NA,True,Verb,no,yes,False
xinc1242,False,True,True,False,number;person;person+number,False,NA,no marking,no marking,tripartite,no marking,no marking,tripartite,True,Verb,True,Verb,False,NA,False,NA,no,no,False
yagu1244,False,True,False,False,person+number,False,NA,no marking,no marking,accusative,no marking,no marking,accusative,False,NA,False,NA,False,NA,False,NA,no,no,False
yaki1237,True,True,False,False,person;person+number,True,Co-argument_reference+Miscellaneous_condition+Reference,accusative,accusative,sensitive,accusative,accusative,overt neutral,True,Noun,True,Noun,False,NA,True,Noun;Verb,yes,yes,False
yana1271,True,True,False,False,person;person+number,False,NA,accusative,no marking,accusative;sensitive,accusative,no marking,accusative,False,NA,False,NA,False,NA,True,Verb,no,yes,False
yane1238,False,True,False,False,person+number,False,NA,no marking,no marking,accusative,no marking,no marking,accusative,False,NA,False,NA,False,NA,False,NA,no,no,False
yano1262,True,True,False,False,person+number,False,NA,ergative,ergative,ergative,ergative,ergative,ergative,True,Noun;Pro;Verb,False,NA,False,NA,True,Verb,no,yes,False
yaqu1251,True,False,False,False,NA,True,Reference,accusative;no marking,accusative,no marking,accusative;no marking,accusative,no marking,False,NA,False,NA,False,NA,False,NA,no,no,False
yaum1237,False,True,False,False,person+number,False,NA,no marking,no marking,accusative,no marking,no marking,accusative,False,NA,False,NA,False,NA,False,NA,no,no,False
yauy1235,True,True,False,False,person;person+number,False,NA,accusative,accusative,sensitive,accusative,accusative,accusative,False,NA,False,NA,False,NA,True,Verb,no,yes,False
yecu1235,False,True,False,False,person;person+number,False,NA,no marking,no marking,accusative,no marking,no marking,accusative,False,NA,False,NA,False,NA,True,Verb,no,yes,False
yima1243,False,True,True,False,person+number,False,NA,no marking,no marking,sensitive,no marking,no marking,sensitive,False,NA,True,Verb,False,NA,True,Verb,no,yes,False
yoku1256,True,False,False,False,NA,True,Reference,accusative;overt neutral,accusative,no marking,accusative;overt neutral,accusative,no marking,False,NA,False,NA,False,NA,False,NA,no,no,False
yoru1245,False,False,False,False,NA,False,NA,no marking,no marking,no marking,no marking,no marking,no marking,False,NA,False,NA,False,NA,False,NA,no,no,False
yuca1254,False,True,True,False,person+number,False,NA,no marking,no marking,ergative,no marking,no marking,ergative,True,Verb,False,NA,False,NA,False,NA,no,no,False
yuch1247,False,True,False,True,person;person+number,False,NA,no marking,no marking,sensitive,no marking,no marking,sensitive,True,Verb,False,NA,False,NA,True,Verb,no,yes,False
yuki1243,True,False,False,True,NA,True,Reference,accusative,accusative,no marking,accusative,accusative,no marking,True,Noun;Pro,False,NA,True,Noun;Pro,False,NA,no,no,False
yukp1241,False,True,False,False,person,False,NA,no marking,no marking,accusative;no marking,no marking,no marking,accusative;no marking,False,NA,False,NA,False,NA,False,NA,no,no,False
yura1255,False,True,False,False,person+number,False,NA,no marking,no marking,accusative,no marking,no marking,accusative,False,NA,False,NA,False,NA,False,NA,no,no,False
yuro1248,True,True,False,False,person+number,False,NA,no marking,no marking,accusative;no marking,no marking,no marking,accusative;no marking,False,NA,False,NA,False,NA,True,Pro,yes,no,False
zapa1253,True,False,False,True,NA,False,NA,no marking,accusative,no marking,no marking,accusative,no marking,True,Pro,False,NA,False,NA,False,NA,no,no,False
zuni1245,True,True,False,False,number,False,NA,accusative,accusative,NA,accusative,accusative,NA,False,NA,False,NA,False,NA,False,NA,no,no,False
